[{"hitokoto":"若是夏风能够带我越过这重重繁华，我仍会停留","source":"<<夏风>>"},{"hitokoto":"阴谋。阳谋。明仇。暗斗。\n化作一江浊浪东流","source":"<<权御天下>>"},{"hitokoto":"没有星星的此空\n纯净得赏心悦目\n终将结束的爱\n草草收拾了倦怠","source":"<<Hello&bye,days>>"},{"hitokoto":"她最近心有郁结 不再常常绽放笑脸\n我也有一天梦见 亲手将她撕裂\n即便 这个世界要毁灭\n我也会遵守诺言 挡在她身前","source":"<<四重罪孽>>"},{"hitokoto":"是想要血液逆流 或剁下双手\n还是从高空坠落 双眼唯余空洞","source":"<<二重变革>>"},{"hitokoto":"\n盲目的生活像陀螺一般 旋转 旋转 总也旋转不完\n动荡的视线引发了不安 迷乱 遗憾 夜晚 越来越肆无忌惮","source":"<<三重爱恋>>"},{"hitokoto":"梦魇中是谁背对着我纵身一跃 没说再见 也没有遗言\n再也不想触摸黑白色琴键 像是祭奠 梦想已破灭","source":"<<一重加害>>"},{"hitokoto":"请允许我独自探访这场戏的结局\n改写爱的定义　瞻仰我们的遗迹\n用所有记忆交换次毫无价值的苏醒\n在绝症终末期　重复孤独的空虚","source":"<<七重痼病>>"},{"hitokoto":"我终于能对你说出那句在被抛弃之前没能得到过的告别\n再见　再不见　无比真实过的一切","source":"<<八重回归>>"},{"hitokoto":"我藏起了悲喜装作恣意的鹰　对风雨的侵袭丧失感应\n以为眼中泪滴早已经被封印　直到遇见你歌里的坚毅","source":"<<九重现实>>"},{"hitokoto":"独自空把庭院扫\n却闻啁哳相思鸟\n茫然顾 面枯槁 心儿憔","source":"<<一梦千朝>>"},{"hitokoto":"\n星尘散落在手心化作砂砾\n默数再次相会的日期\n不知在何年何月还能否想起\n你运行的轨迹","source":"<<莎图温的裙摆>>"},{"hitokoto":"坐落于大都市顶点泪水构筑的理想乡\n将这一切湮灭的将是你的愿望\n仰望苍蓝天空仅剩的最后一分钟\n因何而动容","source":"<<世末积雨云>>"},{"hitokoto":"只有回音在生命中陪伴寒暄著过往\n用窒息的孤独感将身躯花葬\n星点的回音汇成声浪强烈的力量\n将心房不断叩响","source":"<<回音>>"},{"hitokoto":"孤独之人不应执着，为何仍追逐幻梦？","source":"<<六重不忠>>"},{"hitokoto":"谁的温馨予以孤独的人可依存的错觉？\n命运阶梯往下是万劫不复的深渊","source":"<<五重空洞>>"},{"hitokoto":"当火光不再重要，星宿象征古老，当人们不再仰望。\n是否失去了信仰？","source":"<<陨星>>"}]